recipe-3400661506443469,b'Ravioli Violet',0 Bewertungen - Ø 2.5,star-unb,(0),normal,30 min.,02.10.2017,http://www.chefkoch.de/rezepte/3400661506443469/Ravioli-Violet.html,no
recipe-3398171505991142,b'Topfencreme',0 Bewertungen - Ø 2.5,star-unb,(0),simpel,15 min.,28.09.2017,http://www.chefkoch.de/rezepte/3398171505991142/Topfencreme.html,no
recipe-3397961505977997,b'Deutschs Gulasch',0 Bewertungen - Ø 2.5,star-unb,(0),simpel,15 min.,28.09.2017,http://www.chefkoch.de/rezepte/3397961505977997/Deutschs-Gulasch.html,no
recipe-3397231505834668,b'Wurst-K\xe4se-Sp\xe4tzle',2 Bewertungen - Ø 3.5,star-3_5,(2),simpel,30 min.,28.09.2017,http://www.chefkoch.de/rezepte/3397231505834668/Wurst-Kaese-Spaetzle.html,no
recipe-3398761506085411,b'Rhabarber-Thymianlik\xf6r',0 Bewertungen - Ø 2.5,star-unb,(0),simpel,5 min.,27.09.2017,http://www.chefkoch.de/rezepte/3398761506085411/Rhabarber-Thymianlikoer.html,no
recipe-3397801505922972,b'Ente mit Lauch im Pfannkuchen',0 Bewertungen - Ø 2.5,star-unb,(0),normal,60 min.,27.09.2017,http://www.chefkoch.de/rezepte/3397801505922972/Ente-mit-Lauch-im-Pfannkuchen.html,no
recipe-3396511505714317,b'Puten-Erbsen-Pfanne',0 Bewertungen - Ø 2.5,star-unb,(0),normal,30 min.,26.09.2017,http://www.chefkoch.de/rezepte/3396511505714317/Puten-Erbsen-Pfanne.html,no
recipe-3397751505915231,"b'Dunkles Butterspritzgeb\xe4ck - ein Teig, vier M\xf6glichkeiten'",0 Bewertungen - Ø 2.5,star-unb,(0),normal,60 min.,27.09.2017,http://www.chefkoch.de/rezepte/3397751505915231/Dunkles-Butterspritzgebaeck-ein-Teig-vier-Moeglichkeiten.html,no
recipe-3396131505644322,b'Burchis Rinderrouladen nach Omas Art',0 Bewertungen - Ø 2.5,star-unb,(0),normal,30 min.,26.09.2017,http://www.chefkoch.de/rezepte/3396131505644322/Burchis-Rinderrouladen-nach-Omas-Art.html,no
recipe-3395571505545871,b'Glutenfreies Fladenbrot - Pide',0 Bewertungen - Ø 2.5,star-unb,(0),normal,20 min.,26.09.2017,http://www.chefkoch.de/rezepte/3395571505545871/Glutenfreies-Fladenbrot-Pide.html,no
recipe-3238691481826860,b'Mit Gew\xfcrzgurken gef\xfcllte Pilze',0 Bewertungen - Ø 2.5,star-unb,(0),simpel,15 min.,26.09.2017,http://www.chefkoch.de/rezepte/3238691481826860/Mit-Gewuerzgurken-gefuellte-Pilze.html,no
recipe-3397371505845506,b'Entenbraten mit S\xfc\xdfkartoffelf\xfcllung auf S\xfc\xdfkartoffelso\xdfe',0 Bewertungen - Ø 2.5,star-unb,(0),simpel,30 min.,26.09.2017,http://www.chefkoch.de/rezepte/3397371505845506/Entenbraten-mit-Suesskartoffelfuellung-auf-Suesskartoffelsosse.html,no
recipe-3397321505842298,b'Schweinebraten in Bierso\xdfe',0 Bewertungen - Ø 2.5,star-unb,(0),normal,10 min.,26.09.2017,http://www.chefkoch.de/rezepte/3397321505842298/Schweinebraten-in-Biersosse.html,no
recipe-3401061506524325,b'Zucchiniauflauf',0 Bewertungen - Ø 2.5,star-unb,(0),normal,35 min.,02.10.2017,http://www.chefkoch.de/rezepte/3401061506524325/Zucchiniauflauf.html,yes
recipe-3401041506523281,b'Schwarzw\xe4lder Kirschtraum aus dem Glas',0 Bewertungen - Ø 2.5,star-unb,(0),simpel,30 min.,02.10.2017,http://www.chefkoch.de/rezepte/3401041506523281/Schwarzwaelder-Kirschtraum-aus-dem-Glas.html,yes
recipe-3401011506517919,b'Merlins weltklasse Rosenkohlauflauf mit Bratkartoffeln',0 Bewertungen - Ø 2.5,star-unb,(0),normal,30 min.,02.10.2017,http://www.chefkoch.de/rezepte/3401011506517919/Merlins-weltklasse-Rosenkohlauflauf-mit-Bratkartoffeln.html,no
recipe-3401001506516971,b'Zucchini-Kichererbsen-Avocadosalat',0 Bewertungen - Ø 2.5,star-unb,(0),normal,15 min.,02.10.2017,http://www.chefkoch.de/rezepte/3401001506516971/Zucchini-Kichererbsen-Avocadosalat.html,no
recipe-3400991506514661,b'H\xe4hnchen-Curry mit Mango',0 Bewertungen - Ø 2.5,star-unb,(0),simpel,20 min.,02.10.2017,http://www.chefkoch.de/rezepte/3400991506514661/Haehnchen-Curry-mit-Mango.html,no
recipe-3400981506514006,b'Schweinefilet in Ricottasauce',0 Bewertungen - Ø 2.5,star-unb,(0),normal,20 min.,02.10.2017,http://www.chefkoch.de/rezepte/3400981506514006/Schweinefilet-in-Ricottasauce.html,yes
recipe-3403451506938155,"b'Kabeljaupfanne ""K\xf6nigsberg"" mit Reis und Rote Bete-Salat'",0 Bewertungen - Ø 2.5,star-unb,(0),normal,20 min.,02.10.2017,http://www.chefkoch.de/rezepte/3403451506938155/Kabeljaupfanne-Koenigsberg-mit-Reis-und-Rote-Bete-Salat.html,no
recipe-3403441506937325,b'Zucchini-Eierkuchen mit Mozzarella und Speck',0 Bewertungen - Ø 2.5,star-unb,(0),simpel,10 min.,02.10.2017,http://www.chefkoch.de/rezepte/3403441506937325/Zucchini-Eierkuchen-mit-Mozzarella-und-Speck.html,no
recipe-3403431506936834,b'Rosmarin-Koteletts',0 Bewertungen - Ø 2.5,star-unb,(0),normal,15 min.,02.10.2017,http://www.chefkoch.de/rezepte/3403431506936834/Rosmarin-Koteletts.html,no
recipe-3403421506936747,b'Schoko-Pudding',0 Bewertungen - Ø 2.5,star-unb,(0),simpel,10 min.,02.10.2017,http://www.chefkoch.de/rezepte/3403421506936747/Schoko-Pudding.html,no
recipe-3400931506508770,b'Blumenkohl-S\xfc\xdfkartoffelmus',0 Bewertungen - Ø 2.5,star-unb,(0),simpel,20 min.,02.10.2017,http://www.chefkoch.de/rezepte/3400931506508770/Blumenkohl-Suesskartoffelmus.html,yes
recipe-3400911506502855,b'Griechischer Hackauflauf',0 Bewertungen - Ø 2.5,star-unb,(0),normal,30 min.,02.10.2017,http://www.chefkoch.de/rezepte/3400911506502855/Griechischer-Hackauflauf.html,yes
recipe-3400901506502431,b'Binis Heidelbeer-Quark-Fr\xfchst\xfcck',0 Bewertungen - Ø 2.5,star-unb,(0),simpel,5 min.,02.10.2017,http://www.chefkoch.de/rezepte/3400901506502431/Binis-Heidelbeer-Quark-Fruehstueck.html,yes
recipe-3396861505781937,b'Lustiger Bosniak \xe0 la Jack Tengo',1 Bewertung - Ø 3.33,star-3_5,(1),normal,30 min.,28.09.2017,http://www.chefkoch.de/rezepte/3396861505781937/Lustiger-Bosniak-la-Jack-Tengo.html,yes
recipe-3397351505842667,b'Himbeer-Tiramisu-Torte',0 Bewertungen - Ø 2.5,star-unb,(0),normal,30 min.,27.09.2017,http://www.chefkoch.de/rezepte/3397351505842667/Himbeer-Tiramisu-Torte.html,yes
recipe-3362211499938935,b'Puten-Curry-Salat',0 Bewertungen - Ø 2.5,star-unb,(0),normal,10 min.,27.09.2017,http://www.chefkoch.de/rezepte/3362211499938935/Puten-Curry-Salat.html,no
oestl-mit-Kaese-und-Ei.html,yes
recipe-3401031506519664,b'Tortelliniauflauf mit Erbsen und Speck',0 Bewertungen - Ø 2.5,star-unb,(0),normal,20 min.,27.09.2017,http://www.chefkoch.de/rezepte/3401031506519664/Tortelliniauflauf-mit-Erbsen-und-Speck.html,no
recipe-3400871506497704,b'Binis Wurzelgem\xfcse',0 Bewertungen - Ø 2.5,star-unb,(0),simpel,10 min.,02.10.2017,http://www.chefkoch.de/rezepte/3400871506497704/Binis-Wurzelgemuese.html,yes
recipe-3400651506442169,b'H\xe4hnchen mediterran mit Sauce',0 Bewertungen - Ø 2.5,star-unb,(0),normal,60 min.,01.10.2017,http://www.chefkoch.de/rezepte/3400651506442169/Haehnchen-mediterran-mit-Sauce.html,yes
recipe-3398421506014086,b'Couscous-Blumenkohl mit Tomatensugo',0 Bewertungen - Ø 2.5,star-unb,(0),simpel,10 min.,26.09.2017,http://www.chefkoch.de/rezepte/3398421506014086/Couscous-Blumenkohl-mit-Tomatensugo.html,yes
recipe-3400341506358588,b'Streuselk\xfcchlein mit weihnachtlicher Marzipanf\xfcllung',0 Bewertungen - Ø 2.5,star-unb,(0),normal,30 min.,26.09.2017,http://www.chefkoch.de/rezepte/3400341506358588/Streuselkuechlein-mit-weihnachtlicher-Marzipanfuellung.html,yes
recipe-3400031506288666,b'Leckerbissen mit Hackepeter',0 Bewertungen - Ø 2.5,star-unb,(0),simpel,10 min.,28.09.2017,http://www.chefkoch.de/rezepte/3400031506288666/Leckerbissen-mit-Hackepeter.html,yes
recipe-3398951506097885,b'Pfifferlingschnitzel aus dem Ofen',0 Bewertungen - Ø 2.5,star-unb,(0),normal,20 min.,27.09.2017,http://www.chefkoch.de/rezepte/3398951506097885/Pfifferlingschnitzel-aus-dem-Ofen.html,yes
recipe-3398921506091092,b'Veganes K\xfcrbis-Muhammara',1 Bewertung - Ø 3.33,star-3_5,(1),normal,15 min.,27.09.2017,http://www.chefkoch.de/rezepte/3398921506091092/Veganes-Kuerbis-Muhammara.html,no
recipe-3396791505750168,b'Mascarpone-Kirsch-Schichtdessert',0 Bewertungen - Ø 2.5,star-unb,(0),simpel,15 min.,28.09.2017,http://www.chefkoch.de/rezepte/3396791505750168/Mascarpone-Kirsch-Schichtdessert.html,yes
recipe-3400971506513721,b'Salep Panna Cotta',0 Bewertungen - Ø 2.5,star-unb,(0),simpel,5 min.,27.09.2017,http://www.chefkoch.de/rezepte/3400971506513721/Salep-Panna-Cotta.html,yes
recipe-3401631506624902,b'Feigen-Carpaccio mit K\xfcrbiskern\xf6l',1 Bewertung - Ø 3,star-3,(1),simpel,10 min.,29.09.2017,http://www.chefkoch.de/rezepte/3401631506624902/Feigen-Carpaccio-mit-Kuerbiskernoel.html,yes
recipe-3400861506497567,b'Schokotraumtorte',0 Bewertungen - Ø 2.5,star-unb,(0),normal,50 min.,02.10.2017,http://www.chefkoch.de/rezepte/3400861506497567/Schokotraumtorte.html,yes
recipe-3400841506454846,b'Gef\xfcllte Tomaten',0 Bewertungen - Ø 2.5,star-unb,(0),simpel,20 min.,02.10.2017,http://www.chefkoch.de/rezepte/3400841506454846/Gefuellte-Tomaten.html,no
recipe-3400831506454261,b'Englische Lauch-Pilz-Gefl\xfcgel-Pie',0 Bewertungen - Ø 2.5,star-unb,(0),normal,45 min.,02.10.2017,http://www.chefkoch.de/rezepte/3400831506454261/Englische-Lauch-Pilz-Gefluegel-Pie.html,no
recipe-3400711506450908,b'Herzhafter Kartoffelkuchen',0 Bewertungen - Ø 2.5,star-unb,(0),simpel,45 min.,02.10.2017,http://www.chefkoch.de/rezepte/3400711506450908/Herzhafter-Kartoffelkuchen.html,no
recipe-3400571506426803,b'Garnelensalat',0 Bewertungen - Ø 2.5,star-unb,(0),simpel,15 min.,26.09.2017,http://www.chefkoch.de/rezepte/3400571506426803/Garnelensalat.html,yes
recipe-3402721506801419,b'F\xfcrst-P\xfcckler-K\xe4sekuchen',0 Bewertungen - Ø 2.5,star-unb,(0),normal,35 min.,01.10.2017,http://www.chefkoch.de/rezepte/3402721506801419/Fuerst-Pueckler-Kaesekuchen.html,yes
recipe-3398401506010644,b'Gebackener Feta',0 Bewertungen - Ø 2.5,star-unb,(0),simpel,10 min.,26.09.2017,http://www.chefkoch.de/rezepte/3398401506010644/Gebackener-Feta.html,yes
recipe-3400271506353973,b'Haferflockenbrot',0 Bewertungen - Ø 2.5,star-unb,(0),simpel,15 min.,26.09.2017,http://www.chefkoch.de/rezepte/3400271506353973/Haferflockenbrot.html,yes
recipe-3399901506273993,b'Bunte Leberk\xe4sreispfanne',1 Bewertung - Ø 3.33,star-3_5,(1),simpel,10 min.,28.09.2017,http://www.chefkoch.de/rezepte/3399901506273993/Bunte-Leberkaesreispfanne.html,yes
recipe-3398911506090658,b'Eierlik\xf6r-Cheesecake-Brownies',1 Bewertung - Ø 3.33,star-3_5,(1),simpel,20 min.,27.09.2017,http://www.chefkoch.de/rezepte/3398911506090658/Eierlikoer-Cheesecake-Brownies.html,yes
recipe-3399641506242117,b'Selbstgemachte 2-Minuten Mayonnaise',2 Bewertungen - Ø 3.75,star-4,(2),simpel,2 min.,28.09.2017,http://www.chefkoch.de/rezepte/3399641506242117/Selbstgemachte-2-Minuten-Mayonnaise.html,yes
recipe-3400961506512510,b'S\xfc\xdfes Chili-Huhn',0 Bewertungen - Ø 2.5,star-unb,(0),normal,40 min.,27.09.2017,http://www.chefkoch.de/rezepte/3400961506512510/Suesses-Chili-Huhn.html,yes
recipe-3401621506624897,b'Avocado-Ajvar-Dip',0 Bewertungen - Ø 2.5,star-unb,(0),simpel,10 min.,29.09.2017,http://www.chefkoch.de/rezepte/3401621506624897/Avocado-Ajvar-Dip.html,yes
recipe-3401601506620954,b'Tortellonisuppe mit Bratwurstkl\xf6\xdfchen',0 Bewertungen - Ø 2.5,star-unb,(0),normal,20 min.,29.09.2017,http://www.chefkoch.de/rezepte/3401601506620954/Tortellonisuppe-mit-Bratwurstkloesschen.html,no
recipe-3400491506415776,b'Helles Mischbrot mit dunkler Kruste',0 Bewertungen - Ø 2.5,star-unb,(0),normal,30 min.,26.09.2017,http://www.chefkoch.de/rezepte/3400491506415776/Helles-Mischbrot-mit-dunkler-Kruste.html,yes
recipe-3400701506449653,b'Vollkornspaghetti mit K\xe4seso\xdfe',0 Bewertungen - Ø 2.5,star-unb,(0),simpel,10 min.,02.10.2017,http://www.chefkoch.de/rezepte/3400701506449653/Vollkornspaghetti-mit-Kaesesosse.html,yes
recipe-3400691506448742,b'Kartoffelgratin ohne Sahne',0 Bewertungen - Ø 2.5,star-unb,(0),normal,20 min.,02.10.2017,http://www.chefkoch.de/rezepte/3400691506448742/Kartoffelgratin-ohne-Sahne.html,no
recipe-3393811505165300,b'Quarkauflauf',0 Bewertungen - Ø 2.5,star-unb,(0),simpel,20 min.,02.10.2017,http://www.chefkoch.de/rezepte/3393811505165300/Quarkauflauf.html,no
recipe-3400671506447383,b'Beschwipstes Rind',0 Bewertungen - Ø 2.5,star-unb,(0),normal,20 min.,02.10.2017,http://www.chefkoch.de/rezepte/3400671506447383/Beschwipstes-Rind.html,no
recipe-3400401506363476,b'Gefl\xfcgelsalat mit Mayonnaise',0 Bewertungen - Ø 2.5,star-unb,(0),normal,45 min.,02.10.2017,http://www.chefkoch.de/rezepte/3400401506363476/Gefluegelsalat-mit-Mayonnaise.html,no
recipe-3399721506253134,b'Ciperines K\xe4sekuchen mit Orangen und Blaubeeren',0 Bewertungen - Ø 2.5,star-unb,(0),normal,30 min.,26.09.2017,http://www.chefkoch.de/rezepte/3399721506253134/Ciperines-Kaesekuchen-mit-Orangen-und-Blaubeeren.html,yes
recipe-3402681506795362,b'Birnen-Feigen-Crumble',0 Bewertungen - Ø 2.5,star-unb,(0),simpel,10 min.,01.10.2017,http://www.chefkoch.de/rezepte/3402681506795362/Birnen-Feigen-Crumble.html,yes
recipe-3399881506271604,b'Veganer Apfelstreuselkuchen',1 Bewertung - Ø 3.33,star-3_5,(1),normal,30 min.,28.09.2017,http://www.chefkoch.de/rezepte/3399881506271604/Veganer-Apfelstreuselkuchen.html,yes
recipe-3398371506008951,"b'One Pot Pasta mit Zucchini, Tomaten und Parmesan'",1 Bewertung - Ø 3.33,star-3_5,(1),simpel,15 min.,26.09.2017,http://www.chefkoch.de/rezepte/3398371506008951/One-Pot-Pasta-mit-Zucchini-Tomaten-und-Parmesan.html,yes
recipe-3398881506089299,b'Blumenkohl-Linsen-Puten-Suppe',0 Bewertungen - Ø 2.5,star-unb,(0),normal,25 min.,27.09.2017,http://www.chefkoch.de/rezepte/3398881506089299/Blumenkohl-Linsen-Puten-Suppe.html,yes
recipe-3399631506241650,b'Kerniges M\xf6hren-Apfel-Brot',0 Bewertungen - Ø 2.5,star-unb,(0),simpel,20 min.,28.09.2017,http://www.chefkoch.de/rezepte/3399631506241650/Kerniges-Moehren-Apfel-Brot.html,yes
recipe-3400941506508961,b'Gespickte Lammkeule provenzalisch',0 Bewertungen - Ø 2.5,star-unb,(0),normal,40 min.,27.09.2017,http://www.chefkoch.de/rezepte/3400941506508961/Gespickte-Lammkeule-provenzalisch.html,yes
recipe-3397521505889284,b'Maronen-Senf-Dipp',0 Bewertungen - Ø 2.5,star-unb,(0),simpel,15 min.,26.09.2017,http://www.chefkoch.de/rezepte/3397521505889284/Maronen-Senf-Dipp.html,yes
recipe-3403251506884443,b'Dinkel-Weizen-Vollkornbrot mit Molke und K\xe4se',0 Bewertungen - Ø 2.5,star-unb,(0),simpel,20 min.,02.10.2017,http://www.chefkoch.de/rezepte/3403251506884443/Dinkel-Weizen-Vollkornbrot-mit-Molke-und-Kaese.html,yes
recipe-3401561506618199,b'Dinkel-Buchweizen-Brot mit Chiasamen',1 Bewertung - Ø 3,star-3,(1),normal,10 min.,29.09.2017,http://www.chefkoch.de/rezepte/3401561506618199/Dinkel-Buchweizen-Brot-mit-Chiasamen.html,yes
recipe-3399861506269564,b'Gnocchi/Sp\xe4tzle mit Spinat und Ziegenfrischk\xe4se',0 Bewertungen - Ø 2.5,star-unb,(0),simpel,10 min.,28.09.2017,http://www.chefkoch.de/rezepte/3399861506269564/Gnocchi-Spaetzle-mit-Spinat-und-Ziegenfrischkaese.html,yes
recipe-3402671506794652,b'Low Carb-Brot f\xfcr Allergiker',1 Bewertung - Ø 3.33,star-3_5,(1),normal,10 min.,01.10.2017,http://www.chefkoch.de/rezepte/3402671506794652/Low-Carb-Brot-fuer-Allergiker.html,yes
recipe-3402631506791355,b'Einfacher schneller Tomatensugo',0 Bewertungen - Ø 2.5,star-unb,(0),simpel,15 min.,01.10.2017,http://www.chefkoch.de/rezepte/3402631506791355/Einfacher-schneller-Tomatensugo.html,no
recipe-3398361506008859,b'Asia-Nudeln mit Shrimps',1 Bewertung - Ø 3,star-3,(1),simpel,10 min.,26.09.2017,http://www.chefkoch.de/rezepte/3398361506008859/Asia-Nudeln-mit-Shrimps.html,yes
recipe-3398871506089175,b'Nicoles Eiersalat',1 Bewertung - Ø 3.33,star-3_5,(1),simpel,20 min.,27.09.2017,http://www.chefkoch.de/rezepte/3398871506089175/Nicoles-Eiersalat.html,yes
recipe-3398851506087735,b'Werners Millionenboeuf',0 Bewertungen - Ø 2.5,star-unb,(0),simpel,15 min.,27.09.2017,http://www.chefkoch.de/rezepte/3398851506087735/Werners-Millionenboeuf.html,no
recipe-3396851505760091,b'Strammer Max trifft auf R\xf6sti',5 Bewertungen - Ø 4,star-4,(5),simpel,30 min.,25.09.2017,http://www.chefkoch.de/rezepte/3396851505760091/Strammer-Max-trifft-auf-Roesti.html,yes
recipe-3399621506241048,b'Quark-Streuselkuchen mit Himbeeren',0 Bewertungen - Ø 2.5,star-unb,(0),simpel,25 min.,28.09.2017,http://www.chefkoch.de/rezepte/3399621506241048/Quark-Streuselkuchen-mit-Himbeeren.html,yes
recipe-3400821506454108,b'Zweifarbige Brombeer-Mango-Konfit\xfcre',0 Bewertungen - Ø 2.5,star-unb,(0),simpel,15 min.,27.09.2017,http://www.chefkoch.de/rezepte/3400821506454108/Zweifarbige-Brombeer-Mango-Konfituere.html,yes
recipe-3397341505842636,b'Proteinreicher Schoko-Bananenpudding',0 Bewertungen - Ø 2.5,star-unb,(0),simpel,10 min.,26.09.2017,http://www.chefkoch.de/rezepte/3397341505842636/Proteinreicher-Schoko-Bananenpudding.html,yes
recipe-3403131506870946,b'Kekse mit gekochtem Eigelb',0 Bewertungen - Ø 2.5,star-unb,(0),simpel,10 min.,02.10.2017,http://www.chefkoch.de/rezepte/3403131506870946/Kekse-mit-gekochtem-Eigelb.html,yes
recipe-3400851506457473,b'Gulai Ayam Istimewa',0 Bewertungen - Ø 2.5,star-unb,(0),pfiffig,30 min.,29.09.2017,http://www.chefkoch.de/rezepte/3400851506457473/Gulai-Ayam-Istimewa.html,yes
recipe-3398891506089358,b'Brownies supersaftig',0 Bewertungen - Ø 2.5,star-unb,(0),normal,20 min.,28.09.2017,http://www.chefkoch.de/rezepte/3398891506089358/Brownies-supersaftig.html,yes
recipe-3400621506438631,b'Apfelsauerkraut oder Ananassauerkraut mit Schupfnudeln',0 Bewertungen - Ø 2.5,star-unb,(0),simpel,10 min.,28.09.2017,http://www.chefkoch.de/rezepte/3400621506438631/Apfelsauerkraut-oder-Ananassauerkraut-mit-Schupfnudeln.html,no
recipe-3401371506594323,b'Pilzpfanne mit Filetstreifen',0 Bewertungen - Ø 2.5,star-unb,(0),normal,15 min.,28.09.2017,http://www.chefkoch.de/rezepte/3401371506594323/Pilzpfanne-mit-Filetstreifen.html,no
recipe-3400141506334885,"b'Vegetarische Bolognese mit Tofu, wei\xdfen Riesenbohnen und roten Linsen'",1 Bewertung - Ø 3.33,star-3_5,(1),normal,15 min.,28.09.2017,http://www.chefkoch.de/rezepte/3400141506334885/Vegetarische-Bolognese-mit-Tofu-weissen-Riesenbohnen-und-roten-Linsen.html,no
recipe-3399851506268717,b'Fruchtig-scharfe Tomatensuppe',1 Bewertung - Ø 3.33,star-3_5,(1),simpel,20 min.,28.09.2017,http://www.chefkoch.de/rezepte/3399851506268717/Fruchtig-scharfe-Tomatensuppe.html,no
recipe-3398721506074939,b'Kartoffelauflauf mit Auberginen und Hackfleisch',0 Bewertungen - Ø 2.5,star-unb,(0),simpel,60 min.,27.09.2017,http://www.chefkoch.de/rezepte/3398721506074939/Kartoffelauflauf-mit-Auberginen-und-Hackfleisch.html,yes
recipe-3399841506267114,b'Feta-Creme mit griechischem Joghurt',0 Bewertungen - Ø 2.5,star-unb,(0),simpel,10 min.,28.09.2017,http://www.chefkoch.de/rezepte/3399841506267114/Feta-Creme-mit-griechischem-Joghurt.html,no
recipe-3398711506074715,b'Kirsch-Bananen-Shake',0 Bewertungen - Ø 2.5,star-unb,(0),simpel,15 min.,27.09.2017,http://www.chefkoch.de/rezepte/3398711506074715/Kirsch-Bananen-Shake.html,no
recipe-3399831506265868,b'Spaghetti-Gem\xfcse-Pfanne mit Karotten und Zucchini',0 Bewertungen - Ø 2.5,star-unb,(0),simpel,20 min.,28.09.2017,http://www.chefkoch.de/rezepte/3399831506265868/Spaghetti-Gemuese-Pfanne-mit-Karotten-und-Zucchini.html,no
recipe-3398691506073106,b'R\xfchreier mit Speck und W\xfcrstchen',0 Bewertungen - Ø 2.5,star-unb,(0),simpel,15 min.,27.09.2017,http://www.chefkoch.de/rezepte/3398691506073106/Ruehreier-mit-Speck-und-Wuerstchen.html,no
recipe-3399811506262220,"b'Gef\xfcllter Hackbraten mit Spinat, Pilzen und K\xe4se'",0 Bewertungen - Ø 2.5,star-unb,(0),normal,30 min.,28.09.2017,http://www.chefkoch.de/rezepte/3399811506262220/Gefuellter-Hackbraten-mit-Spinat-Pilzen-und-Kaese.html,no
recipe-3398321506005398,b'Streuselkuchen mit Hefeteig und Pudding',1 Bewertung - Ø 3,star-3,(1),simpel,30 min.,26.09.2017,http://www.chefkoch.de/rezepte/3398321506005398/Streuselkuchen-mit-Hefeteig-und-Pudding.html,yes
recipe-3396471505674554,b'Johannisbeer-Quark-Torte',2 Bewertungen - Ø 3.5,star-3_5,(2),normal,90 min.,25.09.2017,http://www.chefkoch.de/rezepte/3396471505674554/Johannisbeer-Quark-Torte.html,yes
recipe-3396881505799682,b'Wei\xdfwurstsalat',0 Bewertungen - Ø 2.5,star-unb,(0),simpel,30 min.,25.09.2017,http://www.chefkoch.de/rezepte/3396881505799682/Weisswurstsalat.html,no
recipe-3396891505801654,b'Burekas',0 Bewertungen - Ø 2.5,star-unb,(0),simpel,120 min.,25.09.2017,http://www.chefkoch.de/rezepte/3396891505801654/Burekas.html,no
recipe-3399611506241001,b'Hackbraten nach Bielefelder Art',0 Bewertungen - Ø 2.5,star-unb,(0),simpel,20 min.,28.09.2017,http://www.chefkoch.de/rezepte/3399611506241001/Hackbraten-nach-Bielefelder-Art.html,yes
recipe-3400801506453856,b'Cracke Cake mit Karamell und Schokolade',0 Bewertungen - Ø 2.5,star-unb,(0),simpel,10 min.,27.09.2017,http://www.chefkoch.de/rezepte/3400801506453856/Cracke-Cake-mit-Karamell-und-Schokolade.html,yes
recipe-3402601506790362,b'Paprikagem\xfcse zu Schweinelendchen',0 Bewertungen - Ø 2.5,star-unb,(0),simpel,20 min.,01.10.2017,http://www.chefkoch.de/rezepte/3402601506790362/Paprikagemuese-zu-Schweinelendchen.html,yes
recipe-3397301505840909,b'\xdcberbackene Ofentomaten',0 Bewertungen - Ø 2.5,star-unb,(0),simpel,20 min.,26.09.2017,http://www.chefkoch.de/rezepte/3397301505840909/Ueberbackene-Ofentomaten.html,yes
recipe-3403051506864873,"b""Babi asam manis 'Sanur pantai'""",0 Bewertungen - Ø 2.5,star-unb,(0),normal,30 min.,02.10.2017,http://www.chefkoch.de/rezepte/3403051506864873/Babi-asam-manis-Sanur-pantai.html,yes
recipe-3400461506380175,b'D\xf6rrobst-Kompott f\xfcr Pessach',1 Bewertung - Ø 2.67,star-2_5,(1),simpel,10 min.,29.09.2017,http://www.chefkoch.de/rezepte/3400461506380175/Doerrobst-Kompott-fuer-Pessach.html,yes
recipe-3400441506367452,b'Keks-W\xfcrste',0 Bewertungen - Ø 2.5,star-unb,(0),simpel,30 min.,29.09.2017,http://www.chefkoch.de/rezepte/3400441506367452/Keks-Wuerste.html,no
recipe-3398611506062871,b'Spanische Churros ohne Ei',1 Bewertung - Ø 3.33,star-3_5,(1),simpel,10 min.,27.09.2017,http://www.chefkoch.de/rezepte/3398611506062871/Spanische-Churros-ohne-Ei.html,yes
recipe-3398581506032940,b'Herzhafte Brotsuppe',0 Bewertungen - Ø 2.5,star-unb,(0),simpel,5 min.,27.09.2017,http://www.chefkoch.de/rezepte/3398581506032940/Herzhafte-Brotsuppe.html,no
recipe-3398571506029844,b'Ingwerkohl mit Hackfleisch',0 Bewertungen - Ø 2.5,star-unb,(0),simpel,15 min.,27.09.2017,http://www.chefkoch.de/rezepte/3398571506029844/Ingwerkohl-mit-Hackfleisch.html,no
recipe-3399501506190814,b'Oktoberfest-Torte',0 Bewertungen - Ø 2.5,star-unb,(0),normal,90 min.,28.09.2017,http://www.chefkoch.de/rezepte/3399501506190814/Oktoberfest-Torte.html,yes
recipe-3398301506001501,b'Saftige K\xfcrbis-Brownies',0 Bewertungen - Ø 2.5,star-unb,(0),normal,40 min.,26.09.2017,http://www.chefkoch.de/rezepte/3398301506001501/Saftige-Kuerbis-Brownies.html,yes
recipe-3399601506238349,b'Apfelweinbratwurst',0 Bewertungen - Ø 2.5,star-unb,(0),simpel,45 min.,28.09.2017,http://www.chefkoch.de/rezepte/3399601506238349/Apfelweinbratwurst.html,yes
recipe-3396371505665891,b'Amaranth Riegel',1 Bewertung - Ø 3.33,star-3_5,(1),normal,20 min.,25.09.2017,http://www.chefkoch.de/rezepte/3396371505665891/Amaranth-Riegel.html,yes
recipe-3400791506453510,b'S`mores',0 Bewertungen - Ø 2.5,star-unb,(0),simpel,5 min.,27.09.2017,http://www.chefkoch.de/rezepte/3400791506453510/S-mores.html,yes
recipe-3397261505837775,b'Bohnengem\xfcse',1 Bewertung - Ø 3.33,star-3_5,(1),simpel,10 min.,26.09.2017,http://www.chefkoch.de/rezepte/3397261505837775/Bohnengemuese.html,yes
recipe-3400431506365808,b'Spezialso\xdfe f\xfcr Nudeln',0 Bewertungen - Ø 2.5,star-unb,(0),simpel,10 min.,29.09.2017,http://www.chefkoch.de/rezepte/3400431506365808/Spezialsosse-fuer-Nudeln.html,yes
recipe-3402591506789965,b'K\xfcrbis-Buttermilch-Brot',0 Bewertungen - Ø 2.5,star-unb,(0),simpel,30 min.,01.10.2017,http://www.chefkoch.de/rezepte/3402591506789965/Kuerbis-Buttermilch-Brot.html,yes
recipe-3403041506864636,b'Pilzpfanne mit Wakame und Seegras',0 Bewertungen - Ø 2.5,star-unb,(0),simpel,15 min.,02.10.2017,http://www.chefkoch.de/rezepte/3403041506864636/Pilzpfanne-mit-Wakame-und-Seegras.html,yes
recipe-3400421506364410,b'Pilz-Vinaigrette',0 Bewertungen - Ø 2.5,star-unb,(0),simpel,15 min.,29.09.2017,http://www.chefkoch.de/rezepte/3400421506364410/Pilz-Vinaigrette.html,no
recipe-3402821506845434,b'Akni - Indische W\xfcrzbr\xfche',0 Bewertungen - Ø 2.5,star-unb,(0),simpel,20 min.,02.10.2017,http://www.chefkoch.de/rezepte/3402821506845434/Akni-Indische-Wuerzbruehe.html,no
recipe-3402811506845257,b'Sauerkrautauflauf',0 Bewertungen - Ø 2.5,star-unb,(0),simpel,60 min.,02.10.2017,http://www.chefkoch.de/rezepte/3402811506845257/Sauerkrautauflauf.html,no
recipe-3398551506019377,b'Hackfleischkuchen mit Bl\xe4tterteig',0 Bewertungen - Ø 2.5,star-unb,(0),simpel,20 min.,27.09.2017,http://www.chefkoch.de/rezepte/3398551506019377/Hackfleischkuchen-mit-Blaetterteig.html,yes
recipe-3397641505906095,b'\xc4gyptische Knoblauchsauce',0 Bewertungen - Ø 2.5,star-unb,(0),simpel,2 min.,26.09.2017,http://www.chefkoch.de/rezepte/3397641505906095/Aegyptische-Knoblauchsauce.html,yes
recipe-3400021506286131,b'Gebackener Chicor\xe9e mit Brie',0 Bewertungen - Ø 2.5,star-unb,(0),simpel,45 min.,28.09.2017,http://www.chefkoch.de/rezepte/3400021506286131/Gebackener-Chicor-e-mit-Brie.html,yes
recipe-3399571506234628,b'Erbsenschaums\xfcppchen',0 Bewertungen - Ø 2.5,star-unb,(0),simpel,5 min.,28.09.2017,http://www.chefkoch.de/rezepte/3399571506234628/Erbsenschaumsueppchen.html,yes
recipe-3400051506295026,b'Veganer Hokkaidok\xfcrbis-Schokokuchen',0 Bewertungen - Ø 2.5,star-unb,(0),simpel,45 min.,28.09.2017,http://www.chefkoch.de/rezepte/3400051506295026/Veganer-Hokkaidokuerbis-Schokokuchen.html,no
recipe-3396341505664837,b'Kaninchenragout',0 Bewertungen - Ø 2.5,star-unb,(0),normal,30 min.,25.09.2017,http://www.chefkoch.de/rezepte/3396341505664837/Kaninchenragout.html,yes
recipe-3400781506453244,b'Graham Cracker',0 Bewertungen - Ø 2.5,star-unb,(0),simpel,30 min.,27.09.2017,http://www.chefkoch.de/rezepte/3400781506453244/Graham-Cracker.html,yes
recipe-3397241505834853,b'Marias herzhaft-deftiger Blechkuchen',0 Bewertungen - Ø 2.5,star-unb,(0),normal,20 min.,26.09.2017,http://www.chefkoch.de/rezepte/3397241505834853/Marias-herzhaft-deftiger-Blechkuchen.html,yes
recipe-3402581506788861,b'Strammer Max im Croissant',0 Bewertungen - Ø 2.5,star-unb,(0),simpel,10 min.,01.10.2017,http://www.chefkoch.de/rezepte/3402581506788861/Strammer-Max-im-Croissant.html,yes
recipe-3400631506439351,b'Gem\xfcsek\xfcchlein mit Dip',0 Bewertungen - Ø 2.5,star-unb,(0),normal,30 min.,30.09.2017,http://www.chefkoch.de/rezepte/3400631506439351/Gemuesekuechlein-mit-Dip.html,no
recipe-3400601506438424,b'Zucchini-Tomaten-Salat',0 Bewertungen - Ø 2.5,star-unb,(0),normal,15 min.,30.09.2017,http://www.chefkoch.de/rezepte/3400601506438424/Zucchini-Tomaten-Salat.html,no
recipe-3400591506427417,b'K\xfcrbisbrot',1 Bewertung - Ø 3.33,star-3_5,(1),normal,10 min.,30.09.2017,http://www.chefkoch.de/rezepte/3400591506427417/Kuerbisbrot.html,no
recipe-3400391506362733,b'K\xfcrbissuppe mit Schmelzk\xe4se und Hackfleisch',0 Bewertungen - Ø 2.5,star-unb,(0),simpel,30 min.,29.09.2017,http://www.chefkoch.de/rezepte/3400391506362733/Kuerbissuppe-mit-Schmelzkaese-und-Hackfleisch.html,yes
recipe-3400581506427189,b'Roggenmischbrot',1 Bewertung - Ø 3.33,star-3_5,(1),normal,10 min.,30.09.2017,http://www.chefkoch.de/rezepte/3400581506427189/Roggenmischbrot.html,no
recipe-3402781506834132,"b'Lasagne ""Vierk\xe4sehoch""'",0 Bewertungen - Ø 2.5,star-unb,(0),normal,45 min.,02.10.2017,http://www.chefkoch.de/rezepte/3402781506834132/Lasagne-Vierkaesehoch.html,yes
recipe-3398481506014433,b'Birnen-K\xe4se-Salat \xe0 la Rita',0 Bewertungen - Ø 2.5,star-unb,(0),simpel,20 min.,27.09.2017,http://www.chefkoch.de/rezepte/3398481506014433/Birnen-Kaese-Salat-la-Rita.html,yes
recipe-3398471506014412,b'Frischk\xe4semuffins',0 Bewertungen - Ø 2.5,star-unb,(0),simpel,20 min.,27.09.2017,http://www.chefkoch.de/rezepte/3398471506014412/Frischkaesemuffins.html,no
recipe-3397621505905101,b'Bolognese ohne Pilze',0 Bewertungen - Ø 2.5,star-unb,(0),normal,30 min.,26.09.2017,http://www.chefkoch.de/rezepte/3397621505905101/Bolognese-ohne-Pilze.html,yes
recipe-3400771506453043,b'Chocolate Cream Pie',0 Bewertungen - Ø 2.5,star-unb,(0),simpel,40 min.,27.09.2017,http://www.chefkoch.de/rezepte/3400771506453043/Chocolate-Cream-Pie.html,yes
recipe-3399511506193352,b'Mikrowellen-Fantakuchen',0 Bewertungen - Ø 2.5,star-unb,(0),simpel,10 min.,27.09.2017,http://www.chefkoch.de/rezepte/3399511506193352/Mikrowellen-Fantakuchen.html,yes
recipe-3396311505662890,b'Karottenspaghetti mit Erdnusssauce und marinierter H\xe4hnchenbrust',0 Bewertungen - Ø 2.5,star-unb,(0),normal,30 min.,25.09.2017,http://www.chefkoch.de/rezepte/3396311505662890/Karottenspaghetti-mit-Erdnusssauce-und-marinierter-Haehnchenbrust.html,yes
recipe-3399781506258313,b'Spaghetti mit Pfifferlingen',1 Bewertung - Ø 3.33,star-3_5,(1),normal,20 min.,28.09.2017,http://www.chefkoch.de/rezepte/3399781506258313/Spaghetti-mit-Pfifferlingen.html,yes
recipe-3397211505830822,"b'Lachs-, Lauch- und Apfel-Auflauf'",0 Bewertungen - Ø 2.5,star-unb,(0),simpel,10 min.,26.09.2017,http://www.chefkoch.de/rezepte/3397211505830822/Lachs-Lauch-und-Apfel-Auflauf.html,yes
recipe-3397201505829034,b'K\xe4seso\xdfe',0 Bewertungen - Ø 2.5,star-unb,(0),simpel,20 min.,26.09.2017,http://www.chefkoch.de/rezepte/3397201505829034/Kaesesosse.html,no
recipe-3400561506424707,b'Resteessen 1: Nudel-Gem\xfcse-H\xe4hnchenwurst-Pfanne',0 Bewertungen - Ø 2.5,star-unb,(0),normal,10 min.,30.09.2017,http://www.chefkoch.de/rezepte/3400561506424707/Resteessen-1-Nudel-Gemuese-Haehnchenwurst-Pfanne.html,yes
recipe-3400381506362249,b'Vegane Cheeseburger Bites',1 Bewertung - Ø 3.33,star-3_5,(1),simpel,10 min.,29.09.2017,http://www.chefkoch.de/rezepte/3400381506362249/Vegane-Cheeseburger-Bites.html,yes
recipe-3397531505891664,b'Nutella-Vollkorn-Cookies',3 Bewertungen - Ø 4,star-4,(3),simpel,10 min.,26.09.2017,http://www.chefkoch.de/rezepte/3397531505891664/Nutella-Vollkorn-Cookies.html,yes
recipe-3396841505759606,b'Lachs-Curry-Gem\xfcse und Sonneblumenkern-Kruste',0 Bewertungen - Ø 2.5,star-unb,(0),simpel,40 min.,25.09.2017,http://www.chefkoch.de/rezepte/3396841505759606/Lachs-Curry-Gemuese-und-Sonneblumenkern-Kruste.html,yes
recipe-3398461506014283,"b'Hot Dog ""Griechisch Style""'",0 Bewertungen - Ø 2.5,star-unb,(0),simpel,10 min.,27.09.2017,http://www.chefkoch.de/rezepte/3398461506014283/Hot-Dog-Griechisch-Style.html,yes
recipe-3398451506014244,b'Englisches Fr\xfchst\xfcck',0 Bewertungen - Ø 2.5,star-unb,(0),simpel,20 min.,27.09.2017,http://www.chefkoch.de/rezepte/3398451506014244/Englisches-Fruehstueck.html,no
recipe-3400751506452727,b'Chicago Style Deep Dish Stuffed Pizza',0 Bewertungen - Ø 2.5,star-unb,(0),simpel,20 min.,27.09.2017,http://www.chefkoch.de/rezepte/3400751506452727/Chicago-Style-Deep-Dish-Stuffed-Pizza.html,yes
recipe-3399451506182537,b'Kichererbsen-Melonen Salat',0 Bewertungen - Ø 2.5,star-unb,(0),simpel,15 min.,27.09.2017,http://www.chefkoch.de/rezepte/3399451506182537/Kichererbsen-Melonen-Salat.html,yes
recipe-3400011506283939,b'Binis gebratene Banane mit Getreideflocken',0 Bewertungen - Ø 2.5,star-unb,(0),simpel,5 min.,28.09.2017,http://www.chefkoch.de/rezepte/3400011506283939/Binis-gebratene-Banane-mit-Getreideflocken.html,yes
recipe-3397191505827975,b'Gem\xfcse-Nudelauflauf mit Hackfleisch',1 Bewertung - Ø 3.33,star-3_5,(1),simpel,30 min.,26.09.2017,http://www.chefkoch.de/rezepte/3397191505827975/Gemuese-Nudelauflauf-mit-Hackfleisch.html,yes
recipe-3399331506169337,b'Kr\xe4ftiger K\xfcrbiseintopf',1 Bewertung - Ø 3.33,star-3_5,(1),normal,25 min.,29.09.2017,http://www.chefkoch.de/rezepte/3399331506169337/Kraeftiger-Kuerbiseintopf.html,yes
recipe-3402491506783795,b'Muffin-Backmischung',0 Bewertungen - Ø 2.5,star-unb,(0),simpel,8 min.,30.09.2017,http://www.chefkoch.de/rezepte/3402491506783795/Muffin-Backmischung.html,yes
recipe-3400371506359553,b'Spinatnudeln mit Schafsk\xe4se',0 Bewertungen - Ø 2.5,star-unb,(0),simpel,15 min.,29.09.2017,http://www.chefkoch.de/rezepte/3400371506359553/Spinatnudeln-mit-Schafskaese.html,no
recipe-3396801505753689,b'Rote Linsen-Curry mit Erbsen',1 Bewertung - Ø 3.33,star-3_5,(1),simpel,5 min.,25.09.2017,http://www.chefkoch.de/rezepte/3396801505753689/Rote-Linsen-Curry-mit-Erbsen.html,yes
recipe-3397391505846228,b'Topfen-Chia-Brot',0 Bewertungen - Ø 2.5,star-unb,(0),normal,15 min.,26.09.2017,http://www.chefkoch.de/rezepte/3397391505846228/Topfen-Chia-Brot.html,yes
recipe-3398431506014155,b'Kartoffelsuppe ganz einfach',0 Bewertungen - Ø 2.5,star-unb,(0),normal,10 min.,27.09.2017,http://www.chefkoch.de/rezepte/3398431506014155/Kartoffelsuppe-ganz-einfach.html,yes
recipe-3400741506452166,b'Langos',0 Bewertungen - Ø 2.5,star-unb,(0),simpel,30 min.,27.09.2017,http://www.chefkoch.de/rezepte/3400741506452166/Langos.html,yes
recipe-3399421506180671,b'Belegte Gurken-Sandwiches',0 Bewertungen - Ø 2.5,star-unb,(0),simpel,10 min.,27.09.2017,http://www.chefkoch.de/rezepte/3399421506180671/Belegte-Gurken-Sandwiches.html,yes
recipe-3399321506168672,b'K\xfcrbis-Orangen-Suppe mit Zimt-Cro\xfbtons',0 Bewertungen - Ø 2.5,star-unb,(0),simpel,30 min.,27.09.2017,http://www.chefkoch.de/rezepte/3399321506168672/Kuerbis-Orangen-Suppe-mit-Zimt-Cro-tons.html,no
recipe-3399301506167134,b'Schneewittchenkuchen mit Kirschen',0 Bewertungen - Ø 2.5,star-unb,(0),normal,60 min.,27.09.2017,http://www.chefkoch.de/rezepte/3399301506167134/Schneewittchenkuchen-mit-Kirschen.html,no
recipe-3399281506163059,b'Schaschlik nach Viktors Art',1 Bewertung - Ø 3.33,star-3_5,(1),normal,60 min.,27.09.2017,http://www.chefkoch.de/rezepte/3399281506163059/Schaschlik-nach-Viktors-Art.html,no
recipe-3399231506155962,b'Knoblauchbr\xf6tchen',0 Bewertungen - Ø 2.5,star-unb,(0),simpel,10 min.,27.09.2017,http://www.chefkoch.de/rezepte/3399231506155962/Knoblauchbroetchen.html,no
recipe-3399981506278747,b'Kekse mit getrockneten Pflaumen',0 Bewertungen - Ø 2.5,star-unb,(0),simpel,25 min.,28.09.2017,http://www.chefkoch.de/rezepte/3399981506278747/Kekse-mit-getrockneten-Pflaumen.html,yes
recipe-3399211506155383,b'Gratiniertes Pangasiusfilet',0 Bewertungen - Ø 2.5,star-unb,(0),simpel,45 min.,27.09.2017,http://www.chefkoch.de/rezepte/3399211506155383/Gratiniertes-Pangasiusfilet.html,no
recipe-3399191506154075,b'Eingelegte Sardellen',0 Bewertungen - Ø 2.5,star-unb,(0),simpel,15 min.,27.09.2017,http://www.chefkoch.de/rezepte/3399191506154075/Eingelegte-Sardellen.html,no
recipe-3397181505827765,b'Zucckiwi Marmelade',0 Bewertungen - Ø 2.5,star-unb,(0),simpel,20 min.,26.09.2017,http://www.chefkoch.de/rezepte/3397181505827765/Zucckiwi-Marmelade.html,yes
recipe-3399171506149767,b'Fettarmer Rhabarberkuchen',0 Bewertungen - Ø 2.5,star-unb,(0),simpel,30 min.,27.09.2017,http://www.chefkoch.de/rezepte/3399171506149767/Fettarmer-Rhabarberkuchen.html,no
recipe-3402431506782226,b'Hefezopf mit Quark statt Butter im Teig',0 Bewertungen - Ø 2.5,star-unb,(0),normal,20 min.,30.09.2017,http://www.chefkoch.de/rezepte/3402431506782226/Hefezopf-mit-Quark-statt-Butter-im-Teig.html,yes
recipe-3400361506359397,b'Blumenkohl mit M\xfcsli-Br\xf6sel',1 Bewertung - Ø 3.33,star-3_5,(1),simpel,20 min.,29.09.2017,http://www.chefkoch.de/rezepte/3400361506359397/Blumenkohl-mit-Muesli-Broesel.html,yes
recipe-3398331506006205,b'Tomatenbratwurst',0 Bewertungen - Ø 2.5,star-unb,(0),normal,60 min.,27.09.2017,http://www.chefkoch.de/rezepte/3398331506006205/Tomatenbratwurst.html,yes
recipe-3397381505846191,b'K\xfcrbis-Chia-Dessert',0 Bewertungen - Ø 2.5,star-unb,(0),normal,15 min.,26.09.2017,http://www.chefkoch.de/rezepte/3397381505846191/Kuerbis-Chia-Dessert.html,yes
recipe-3400731506451892,b'Italienische Mandeltorte mit Joghurt und Zitrone',1 Bewertung - Ø 3,star-3,(1),simpel,20 min.,27.09.2017,http://www.chefkoch.de/rezepte/3400731506451892/Italienische-Mandeltorte-mit-Joghurt-und-Zitrone.html,yes
recipe-3396751505746977,b'\xdcberbackene herzhafte Pfannkuchen',2 Bewertungen - Ø 2.75,star-3,(2),simpel,30 min.,25.09.2017,http://www.chefkoch.de/rezepte/3396751505746977/Ueberbackene-herzhafte-Pfannkuchen.html,yes
recipe-3399891506272677,b'Binis Putengeschnetzeltes ohne Sahne',0 Bewertungen - Ø 2.5,star-unb,(0),simpel,10 min.,28.09.2017,http://www.chefkoch.de/rezepte/3399891506272677/Binis-Putengeschnetzeltes-ohne-Sahne.html,yes
recipe-3399871506270588,b'Krake geschmort',0 Bewertungen - Ø 2.5,star-unb,(0),normal,25 min.,28.09.2017,http://www.chefkoch.de/rezepte/3399871506270588/Krake-geschmort.html,no
recipe-3399161506149379,b'Warmer Hirsebrei',0 Bewertungen - Ø 2.5,star-unb,(0),simpel,10 min.,27.09.2017,http://www.chefkoch.de/rezepte/3399161506149379/Warmer-Hirsebrei.html,yes
recipe-3399151506144938,b'Lava Cake mit Vanilleeis',0 Bewertungen - Ø 2.5,star-unb,(0),normal,15 min.,27.09.2017,http://www.chefkoch.de/rezepte/3399151506144938/Lava-Cake-mit-Vanilleeis.html,no
recipe-3397171505825774,b'Spinat-Pasta Alfredo',0 Bewertungen - Ø 2.5,star-unb,(0),simpel,15 min.,26.09.2017,http://www.chefkoch.de/rezepte/3397171505825774/Spinat-Pasta-Alfredo.html,yes
recipe-3397161505825690,b'Gem\xfcse-Kartoffelauflauf alla Clarissa',0 Bewertungen - Ø 2.5,star-unb,(0),normal,30 min.,26.09.2017,http://www.chefkoch.de/rezepte/3397161505825690/Gemuese-Kartoffelauflauf-alla-Clarissa.html,no
recipe-3402421506782025,b'Schoko-Puddingpulver',0 Bewertungen - Ø 2.5,star-unb,(0),simpel,5 min.,30.09.2017,http://www.chefkoch.de/rezepte/3402421506782025/Schoko-Puddingpulver.html,yes
recipe-3402331506779580,b'Chipotle-Butter',0 Bewertungen - Ø 2.5,star-unb,(0),normal,10 min.,30.09.2017,http://www.chefkoch.de/rezepte/3402331506779580/Chipotle-Butter.html,no
recipe-3402211506770974,b'Kartoffel-M\xf6hren-Apfel-Stampf mit Zwiebel-Thymian-Koteletts',0 Bewertungen - Ø 2.5,star-unb,(0),normal,30 min.,30.09.2017,http://www.chefkoch.de/rezepte/3402211506770974/Kartoffel-Moehren-Apfel-Stampf-mit-Zwiebel-Thymian-Koteletts.html,no
recipe-3402141506761077,b'Sp\xe4tzle-Lauch-Birnen-Pfanne',0 Bewertungen - Ø 2.5,star-unb,(0),normal,10 min.,30.09.2017,http://www.chefkoch.de/rezepte/3402141506761077/Spaetzle-Lauch-Birnen-Pfanne.html,no
recipe-3402131506758865,b'Orientalisches Rindergulasch',0 Bewertungen - Ø 2.5,star-unb,(0),normal,20 min.,30.09.2017,http://www.chefkoch.de/rezepte/3402131506758865/Orientalisches-Rindergulasch.html,no
recipe-3400311506356607,b'Kartoffel-Kokos-Suppe',0 Bewertungen - Ø 2.5,star-unb,(0),simpel,20 min.,29.09.2017,http://www.chefkoch.de/rezepte/3400311506356607/Kartoffel-Kokos-Suppe.html,yes
recipe-3398291506000994,b'Schweinefilet in Senf-Rahm-Sauce und Gem\xfcse',3 Bewertungen - Ø 3.8,star-4,(3),normal,60 min.,26.09.2017,http://www.chefkoch.de/rezepte/3398291506000994/Schweinefilet-in-Senf-Rahm-Sauce-und-Gemuese.html,yes
recipe-3396741505746665,b'Fenchelgratin mit Tomaten',0 Bewertungen - Ø 2.5,star-unb,(0),normal,15 min.,25.09.2017,http://www.chefkoch.de/rezepte/3396741505746665/Fenchelgratin-mit-Tomaten.html,yes
recipe-3399121506116483,b'BBQ-H\xe4hnchen-Pizza',0 Bewertungen - Ø 2.5,star-unb,(0),simpel,15 min.,27.09.2017,http://www.chefkoch.de/rezepte/3399121506116483/BBQ-Haehnchen-Pizza.html,yes
recipe-3399761506256315,b'Schokoladenbutter',1 Bewertung - Ø 3.33,star-3_5,(1),simpel,5 min.,28.09.2017,http://www.chefkoch.de/rezepte/3399761506256315/Schokoladenbutter.html,yes
recipe-3400721506451551,b'Ginger Ale selber machen',0 Bewertungen - Ø 2.5,star-unb,(0),simpel,25 min.,27.09.2017,http://www.chefkoch.de/rezepte/3400721506451551/Ginger-Ale-selber-machen.html,yes
recipe-3398281506000415,"b'Pulled Pork  Burger ""Chili ""'",0 Bewertungen - Ø 2.5,star-unb,(0),simpel,15 min.,27.09.2017,http://www.chefkoch.de/rezepte/3398281506000415/Pulled-Pork-Burger-Chili.html,yes
recipe-3398191505993800,b'Vegetarischer Low Carb Auflauf',0 Bewertungen - Ø 2.5,star-unb,(0),normal,20 min.,27.09.2017,http://www.chefkoch.de/rezepte/3398191505993800/Vegetarischer-Low-Carb-Auflauf.html,no
recipe-3397831505928510,b'Reibekuchen mit Rauchfleisch \xe0 la Oma Hedi',0 Bewertungen - Ø 2.5,star-unb,(0),normal,20 min.,27.09.2017,http://www.chefkoch.de/rezepte/3397831505928510/Reibekuchen-mit-Rauchfleisch-la-Oma-Hedi.html,no
recipe-3401961506706652,"b'Endiviensalat mit Wildkr\xe4utern, bunten Tomaten und Senfdressing sowie Pinienkerntopping'",0 Bewertungen - Ø 2.5,star-unb,(0),simpel,10 min.,30.09.2017,http://www.chefkoch.de/rezepte/3401961506706652/Endiviensalat-mit-Wildkraeutern-bunten-Tomaten-und-Senfdressing-sowie-Pinienkerntopping.html,yes
recipe-3397151505824341,b'Peanut Butter Chocolate Chunk Cookies',2 Bewertungen - Ø 3.75,star-4,(2),simpel,20 min.,26.09.2017,http://www.chefkoch.de/rezepte/3397151505824341/Peanut-Butter-Chocolate-Chunk-Cookies.html,yes
recipe-3400261506352305,b'Veganer Kartoffel-Blumenkohl-Auflauf mit Hackfleisch-Ersatz',1 Bewertung - Ø 3,star-3,(1),simpel,20 min.,29.09.2017,http://www.chefkoch.de/rezepte/3400261506352305/Veganer-Kartoffel-Blumenkohl-Auflauf-mit-Hackfleisch-Ersatz.html,yes
recipe-3398221505996535,b'Apfelkuchen in der Sch\xfcssel',0 Bewertungen - Ø 2.5,star-unb,(0),simpel,60 min.,26.09.2017,http://www.chefkoch.de/rezepte/3398221505996535/Apfelkuchen-in-der-Schuessel.html,yes
recipe-3398211505995497,b'K\xe4sesticks mit Sommersalat',0 Bewertungen - Ø 2.5,star-unb,(0),normal,20 min.,26.09.2017,http://www.chefkoch.de/rezepte/3398211505995497/Kaesesticks-mit-Sommersalat.html,no
recipe-3396721505744047,b'Bergischer Wirsingtopf',0 Bewertungen - Ø 2.5,star-unb,(0),simpel,30 min.,25.09.2017,http://www.chefkoch.de/rezepte/3396721505744047/Bergischer-Wirsingtopf.html,yes
recipe-3401051506523419,b'Gebeizte Lammlachse mit Chipotle gef\xfcllt',0 Bewertungen - Ø 2.5,star-unb,(0),simpel,15 min.,27.09.2017,http://www.chefkoch.de/rezepte/3401051506523419/Gebeizte-Lammlachse-mit-Chipotle-gefuellt.html,yes
recipe-3399041506112272,b'Cremige K\xfcrbis-Pasta',0 Bewertungen - Ø 2.5,star-unb,(0),normal,15 min.,27.09.2017,http://www.chefkoch.de/rezepte/3399041506112272/Cremige-Kuerbis-Pasta.html,no
recipe-3400921506505599,b'Tian \xe0 la Comtadine',2 Bewertungen - Ø 3.5,star-3_5,(2),simpel,30 min.,27.09.2017,http://www.chefkoch.de/rezepte/3400921506505599/Tian-la-Comtadine.html,yes
recipe-3399751506255833,b'Karotten-Rohkost',1 Bewertung - Ø 3.33,star-3_5,(1),simpel,20 min.,28.09.2017,http://www.chefkoch.de/rezepte/3399751506255833/Karotten-Rohkost.html,yes
recipe-3401951506706389,b'Mild gew\xfcrzte ger\xe4ucherte Forelle mit Zitronenverbene',0 Bewertungen - Ø 2.5,star-unb,(0),normal,10 min.,30.09.2017,http://www.chefkoch.de/rezepte/3401951506706389/Mild-gewuerzte-geraeucherte-Forelle-mit-Zitronenverbene.html,yes
recipe-3397931505935996,"b'Fischtopf ""R\xfcgener Art""'",0 Bewertungen - Ø 2.5,star-unb,(0),normal,20 min.,27.09.2017,http://www.chefkoch.de/rezepte/3397931505935996/Fischtopf-Ruegener-Art.html,yes
recipe-3397091505821197,b'Low carb Brot - das beste aller Zeiten',0 Bewertungen - Ø 2.5,star-unb,(0),simpel,20 min.,26.09.2017,http://www.chefkoch.de/rezepte/3397091505821197/Low-carb-Brot-das-beste-aller-Zeiten.html,yes
recipe-3400291506354833,b'Putenoberkeule Asia',0 Bewertungen - Ø 2.5,star-unb,(0),normal,30 min.,29.09.2017,http://www.chefkoch.de/rezepte/3400291506354833/Putenoberkeule-Asia.html,yes
recipe-3396691505741845,b'Schneller Wirsingeintopf',0 Bewertungen - Ø 2.5,star-unb,(0),simpel,5 min.,25.09.2017,http://www.chefkoch.de/rezepte/3396691505741845/Schneller-Wirsingeintopf.html,yes
recipe-3398201505994255,b'Knoblauch-Zitronen H\xe4hnchenkeulen auf einem Gem\xfcsebett',0 Bewertungen - Ø 2.5,star-unb,(0),normal,20 min.,26.09.2017,http://www.chefkoch.de/rezepte/3398201505994255/Knoblauch-Zitronen-Haehnchenkeulen-auf-einem-Gemuesebett.html,yes
recipe-3398141505989042,b'Eintopf mit Petersiliendip',0 Bewertungen - Ø 2.5,star-unb,(0),simpel,60 min.,26.09.2017,http://www.chefkoch.de/rezepte/3398141505989042/Eintopf-mit-Petersiliendip.html,no
recipe-3400881506497988,b'Bratapfel-Cupcakes mit Walnusskrokant',0 Bewertungen - Ø 2.5,star-unb,(0),pfiffig,45 min.,27.09.2017,http://www.chefkoch.de/rezepte/3400881506497988/Bratapfel-Cupcakes-mit-Walnusskrokant.html,yes
recipe-3399711506251720,b'Feuerquark',0 Bewertungen - Ø 2.5,star-unb,(0),simpel,10 min.,28.09.2017,http://www.chefkoch.de/rezepte/3399711506251720/Feuerquark.html,yes
recipe-3399021506107162,b'Kartoffelfrikadellen mit Fleischf\xfcllung',0 Bewertungen - Ø 2.5,star-unb,(0),normal,35 min.,27.09.2017,http://www.chefkoch.de/rezepte/3399021506107162/Kartoffelfrikadellen-mit-Fleischfuellung.html,yes
recipe-3401941506706388,b'Birnenwasser',0 Bewertungen - Ø 2.5,star-unb,(0),simpel,10 min.,30.09.2017,http://www.chefkoch.de/rezepte/3401941506706388/Birnenwasser.html,yes
recipe-3400531506421178,b'Romanasalat s\xfc\xdf-sauer mit Schinken',0 Bewertungen - Ø 2.5,star-unb,(0),simpel,30 min.,29.09.2017,http://www.chefkoch.de/rezepte/3400531506421178/Romanasalat-suess-sauer-mit-Schinken.html,no
recipe-3400521506420310,b'Mango-Maracuja-Drink',0 Bewertungen - Ø 2.5,star-unb,(0),normal,10 min.,29.09.2017,http://www.chefkoch.de/rezepte/3400521506420310/Mango-Maracuja-Drink.html,no
recipe-3400481506415175,b'Gef\xfclltes Stockbrot',0 Bewertungen - Ø 2.5,star-unb,(0),normal,30 min.,29.09.2017,http://www.chefkoch.de/rezepte/3400481506415175/Gefuelltes-Stockbrot.html,no
recipe-3400111506329877,b'Schoko-Haselnuss-Nougat-Kuchen',0 Bewertungen - Ø 2.5,star-unb,(0),normal,30 min.,29.09.2017,http://www.chefkoch.de/rezepte/3400111506329877/Schoko-Haselnuss-Nougat-Kuchen.html,no
recipe-3401891506693559,b'Brokkoli-Kroketten',0 Bewertungen - Ø 2.5,star-unb,(0),simpel,20 min.,29.09.2017,http://www.chefkoch.de/rezepte/3401891506693559/Brokkoli-Kroketten.html,no
recipe-3401871506691092,b'K\xe4se-Tortelloni mit Tomaten-Wurst-Sauce',0 Bewertungen - Ø 2.5,star-unb,(0),simpel,10 min.,29.09.2017,http://www.chefkoch.de/rezepte/3401871506691092/Kaese-Tortelloni-mit-Tomaten-Wurst-Sauce.html,no
recipe-3397851505929913,b'Maultaschenpfanne Outdoor-Art',1 Bewertung - Ø 3.33,star-3_5,(1),normal,5 min.,27.09.2017,http://www.chefkoch.de/rezepte/3397851505929913/Maultaschenpfanne-Outdoor-Art.html,yes
recipe-3397071505820796,"b'Miesmuscheln ""Hessische Art""'",0 Bewertungen - Ø 2.5,star-unb,(0),simpel,20 min.,26.09.2017,http://www.chefkoch.de/rezepte/3397071505820796/Miesmuscheln-Hessische-Art.html,yes
recipe-3400241506342768,b'Beschwipster Waller (Wels)',0 Bewertungen - Ø 2.5,star-unb,(0),normal,20 min.,29.09.2017,http://www.chefkoch.de/rezepte/3400241506342768/Beschwipster-Waller-Wels.html,yes
recipe-3396671505736853,b'Telur kocok goreng dengan jamur Shimeji',0 Bewertungen - Ø 2.5,star-unb,(0),simpel,15 min.,25.09.2017,http://www.chefkoch.de/rezepte/3396671505736853/Telur-kocok-goreng-dengan-jamur-Shimeji.html,yes
recipe-3396731505745270,b'Gr\xfcnes Curry',0 Bewertungen - Ø 2.5,star-unb,(0),normal,60 min.,25.09.2017,http://www.chefkoch.de/rezepte/3396731505745270/Gruenes-Curry.html,no
recipe-3398111505983966,b'Warmer Vanille-Haferflockenbrei mit Fr\xfcchten',0 Bewertungen - Ø 2.5,star-unb,(0),simpel,5 min.,26.09.2017,http://www.chefkoch.de/rezepte/3398111505983966/Warmer-Vanille-Haferflockenbrei-mit-Fruechten.html,yes
recipe-3397121505822489,b'Spare Ribs',1 Bewertung - Ø 3.33,star-3_5,(1),normal,30 min.,26.09.2017,http://www.chefkoch.de/rezepte/3397121505822489/Spare-Ribs.html,yes
recipe-3398991506103140,b'Bananen-Apfel-Muffins',0 Bewertungen - Ø 2.5,star-unb,(0),normal,20 min.,27.09.2017,http://www.chefkoch.de/rezepte/3398991506103140/Bananen-Apfel-Muffins.html,yes
recipe-3397101505821346,"b'Veganes, glutenfreies Bananenbrot'",0 Bewertungen - Ø 2.5,star-unb,(0),simpel,15 min.,26.09.2017,http://www.chefkoch.de/rezepte/3397101505821346/Veganes-glutenfreies-Bananenbrot.html,no
recipe-3398981506101962,b'Gorgonzola-Rahmsuppe mit Sherrybirne',0 Bewertungen - Ø 2.5,star-unb,(0),normal,15 min.,27.09.2017,http://www.chefkoch.de/rezepte/3398981506101962/Gorgonzola-Rahmsuppe-mit-Sherrybirne.html,no
recipe-3398561506023052,b'Walnuss-Lik\xf6r',0 Bewertungen - Ø 2.5,star-unb,(0),simpel,10 min.,27.09.2017,http://www.chefkoch.de/rezepte/3398561506023052/Walnuss-Likoer.html,yes
recipe-3397021505818589,b'Kichererbsen-K\xe4sesp\xe4tzle',0 Bewertungen - Ø 2.5,star-unb,(0),simpel,30 min.,26.09.2017,http://www.chefkoch.de/rezepte/3397021505818589/Kichererbsen-Kaesespaetzle.html,no
recipe-3399701506250802,b'Erzgebirgische Zudelsupp deluxe',0 Bewertungen - Ø 2.5,star-unb,(0),simpel,20 min.,28.09.2017,http://www.chefkoch.de/rezepte/3399701506250802/Erzgebirgische-Zudelsupp-deluxe.html,yes
recipe-3398161505989978,"b'Hokkaidosuppe, scharf'",1 Bewertung - Ø 3.33,star-3_5,(1),simpel,20 min.,27.09.2017,http://www.chefkoch.de/rezepte/3398161505989978/Hokkaidosuppe-scharf.html,yes
recipe-3398961506100230,b'Cremige Champignonso\xdfe',0 Bewertungen - Ø 2.5,star-unb,(0),normal,20 min.,27.09.2017,http://www.chefkoch.de/rezepte/3398961506100230/Cremige-Champignonsosse.html,no
recipe-3399691506250243,b'Gro\xdfpapas suur Supp mit Mehlkl\xf6\xdfchen',1 Bewertung - Ø 3,star-3,(1),simpel,55 min.,28.09.2017,http://www.chefkoch.de/rezepte/3399691506250243/Grosspapas-suur-Supp-mit-Mehlkloesschen.html,no
recipe-3398831506087348,b'Aprikosenlik\xf6r',0 Bewertungen - Ø 2.5,star-unb,(0),simpel,10 min.,27.09.2017,http://www.chefkoch.de/rezepte/3398831506087348/Aprikosenlikoer.html,no
recipe-3399671506247329,b'K\xfcrbisomelett',0 Bewertungen - Ø 2.5,star-unb,(0),simpel,5 min.,28.09.2017,http://www.chefkoch.de/rezepte/3399671506247329/Kuerbisomelett.html,no
recipe-3398821506087018,b'Feigenlik\xf6r',0 Bewertungen - Ø 2.5,star-unb,(0),simpel,5 min.,27.09.2017,http://www.chefkoch.de/rezepte/3398821506087018/Feigenlikoer.html,no
recipe-3398801506086622,b'Johannisbeerlik\xf6r',0 Bewertungen - Ø 2.5,star-unb,(0),simpel,5 min.,27.09.2017,http://www.chefkoch.de/rezepte/3398801506086622/Johannisbeerlikoer.html,no
recipe-3398781506086222,b'Honiglik\xf6r',0 Bewertungen - Ø 2.5,star-unb,(0),simpel,5 min.,27.09.2017,http://www.chefkoch.de/rezepte/3398781506086222/Honiglikoer.html,no
recipe-3398861506087761,b'Apfel-Holundersirup',0 Bewertungen - Ø 2.5,star-unb,(0),simpel,15 min.,27.09.2017,http://www.chefkoch.de/rezepte/3398861506087761/Apfel-Holundersirup.html,no
recipe-3400231506341071,b'Ofen-Hackb\xe4llchen Els\xe4sser Art',0 Bewertungen - Ø 2.5,star-unb,(0),simpel,10 min.,29.09.2017,http://www.chefkoch.de/rezepte/3400231506341071/Ofen-Hackbaellchen-Elsaesser-Art.html,yes
recipe-3396701505742984,b'K\xfcrbis-Curry-Suppe',1 Bewertung - Ø 3.33,star-3_5,(1),simpel,40 min.,25.09.2017,http://www.chefkoch.de/rezepte/3396701505742984/Kuerbis-Curry-Suppe.html,yes
recipe-3396621505733807,b'Bananenbrot ohne Zucker und Mehl',0 Bewertungen - Ø 2.5,star-unb,(0),normal,10 min.,25.09.2017,http://www.chefkoch.de/rezepte/3396621505733807/Bananenbrot-ohne-Zucker-und-Mehl.html,no
recipe-3398001505979545,b'Einfaches Mandelmus aus ger\xf6steten Mandeln',1 Bewertung - Ø 3.33,star-3_5,(1),normal,10 min.,26.09.2017,http://www.chefkoch.de/rezepte/3398001505979545/Einfaches-Mandelmus-aus-geroesteten-Mandeln.html,yes
recipe-3400191506337145,b'Schnelle Vorspeise mit Avocado und Thon',0 Bewertungen - Ø 2.5,star-unb,(0),simpel,15 min.,29.09.2017,http://www.chefkoch.de/rezepte/3400191506337145/Schnelle-Vorspeise-mit-Avocado-und-Thon.html,yes
recipe-3400171506336346,b'Maultaschenauflauf',0 Bewertungen - Ø 2.5,star-unb,(0),simpel,20 min.,29.09.2017,http://www.chefkoch.de/rezepte/3400171506336346/Maultaschenauflauf.html,no
recipe-3397871505931994,b'Gef\xfclgelsalat mit Ingwer-Honig-Dressing',0 Bewertungen - Ø 2.5,star-unb,(0),normal,25 min.,27.09.2017,http://www.chefkoch.de/rezepte/3397871505931994/Gefuelgelsalat-mit-Ingwer-Honig-Dressing.html,yes
recipe-3395421505481960,b'Joghurt-Sahne-Eis',0 Bewertungen - Ø 2.5,star-unb,(0),simpel,15 min.,26.09.2017,http://www.chefkoch.de/rezepte/3395421505481960/Joghurt-Sahne-Eis.html,yes
recipe-3399661506246798,b'Schwedische Schoko-Haferflocken Cookies',1 Bewertung - Ø 3.33,star-3_5,(1),simpel,15 min.,28.09.2017,http://www.chefkoch.de/rezepte/3399661506246798/Schwedische-Schoko-Haferflocken-Cookies.html,yes
recipe-3396611505730344,b'K\xe4serolle mit Leberk\xe4se',1 Bewertung - Ø 3.33,star-3_5,(1),normal,90 min.,25.09.2017,http://www.chefkoch.de/rezepte/3396611505730344/Kaeserolle-mit-Leberkaese.html,yes
recipe-3396581505726325,b'Cajun-Rub',0 Bewertungen - Ø 2.5,star-unb,(0),simpel,10 min.,25.09.2017,http://www.chefkoch.de/rezepte/3396581505726325/Cajun-Rub.html,no
recipe-3396571505725927,b'Zitronen-Ingwer-Rub',0 Bewertungen - Ø 2.5,star-unb,(0),simpel,20 min.,25.09.2017,http://www.chefkoch.de/rezepte/3396571505725927/Zitronen-Ingwer-Rub.html,no
recipe-3396551505724569,b'Tomaten-Pfirsich-Salat',0 Bewertungen - Ø 2.5,star-unb,(0),simpel,15 min.,25.09.2017,http://www.chefkoch.de/rezepte/3396551505724569/Tomaten-Pfirsich-Salat.html,no
recipe-3397951505976759,b'Cookie Dough Energy Balls',1 Bewertung - Ø 3.33,star-3_5,(1),simpel,10 min.,26.09.2017,http://www.chefkoch.de/rezepte/3397951505976759/Cookie-Dough-Energy-Balls.html,yes
recipe-3397941505971931,b'Fischtopf',1 Bewertung - Ø 3.33,star-3_5,(1),simpel,20 min.,26.09.2017,http://www.chefkoch.de/rezepte/3397941505971931/Fischtopf.html,no
recipe-3400071506319010,b'Merguez-Pfanne mit Butternut-Spaghetti',0 Bewertungen - Ø 2.5,star-unb,(0),simpel,15 min.,29.09.2017,http://www.chefkoch.de/rezepte/3400071506319010/Merguez-Pfanne-mit-Butternut-Spaghetti.html,yes
recipe-3399471506184775,b'Laugenmuffins mit Obazdaf\xfcllung',0 Bewertungen - Ø 2.5,star-unb,(0),normal,25 min.,28.09.2017,http://www.chefkoch.de/rezepte/3399471506184775/Laugenmuffins-mit-Obazdafuellung.html,yes
recipe-3399241506157239,b'Mandarinencreme-Schnitten',0 Bewertungen - Ø 2.5,star-unb,(0),normal,45 min.,28.09.2017,http://www.chefkoch.de/rezepte/3399241506157239/Mandarinencreme-Schnitten.html,no
recipe-3397011505818194,"b'Einfache, supercremige K\xfcrbissuppe mit Pfifferlingen'",1 Bewertung - Ø 3.33,star-3_5,(1),simpel,15 min.,26.09.2017,http://www.chefkoch.de/rezepte/3397011505818194/Einfache-supercremige-Kuerbissuppe-mit-Pfifferlingen.html,yes
recipe-3396991505817967,b'Gemischtes Toastbrot mit Spiegelei',0 Bewertungen - Ø 2.5,star-unb,(0),simpel,5 min.,26.09.2017,http://www.chefkoch.de/rezepte/3396991505817967/Gemischtes-Toastbrot-mit-Spiegelei.html,no
recipe-3396971505816537,b'Arme Ritter Sandwich',0 Bewertungen - Ø 2.5,star-unb,(0),simpel,4 min.,26.09.2017,http://www.chefkoch.de/rezepte/3396971505816537/Arme-Ritter-Sandwich.html,no
recipe-3396961505815986,b'Kirsch-Quiche',0 Bewertungen - Ø 2.5,star-unb,(0),simpel,5 min.,26.09.2017,http://www.chefkoch.de/rezepte/3396961505815986/Kirsch-Quiche.html,no
recipe-3397841505929174,b'Schinken-K\xe4se-Sauce f\xfcr Pasta',0 Bewertungen - Ø 2.5,star-unb,(0),normal,5 min.,27.09.2017,http://www.chefkoch.de/rezepte/3397841505929174/Schinken-Kaese-Sauce-fuer-Pasta.html,yes
recipe-3396521505718197,b'Nymphadoras Zwiebelrostbraten in Rotweinsauce',1 Bewertung - Ø 3.33,star-3_5,(1),normal,30 min.,25.09.2017,http://www.chefkoch.de/rezepte/3396521505718197/Nymphadoras-Zwiebelrostbraten-in-Rotweinsauce.html,yes
recipe-3399991506280563,b'Low Carb Beerenkuchen',0 Bewertungen - Ø 2.5,star-unb,(0),simpel,20 min.,29.09.2017,http://www.chefkoch.de/rezepte/3399991506280563/Low-Carb-Beerenkuchen.html,yes
recipe-3397901505934388,b'Cheese Biscuits',0 Bewertungen - Ø 2.5,star-unb,(0),simpel,25 min.,26.09.2017,http://www.chefkoch.de/rezepte/3397901505934388/Cheese-Biscuits.html,yes
recipe-3398181505993126,b'Schokoladenglasur ohne Zucker',0 Bewertungen - Ø 2.5,star-unb,(0),simpel,10 min.,28.09.2017,http://www.chefkoch.de/rezepte/3398181505993126/Schokoladenglasur-ohne-Zucker.html,yes
recipe-3396951505815344,b'Gemischtes Sandwich',0 Bewertungen - Ø 2.5,star-unb,(0),simpel,5 min.,26.09.2017,http://www.chefkoch.de/rezepte/3396951505815344/Gemischtes-Sandwich.html,yes
recipe-3396921505813046,b'Einfacher Mohnkuchen mit Streuseln und Pudding',0 Bewertungen - Ø 2.5,star-unb,(0),normal,20 min.,26.09.2017,http://www.chefkoch.de/rezepte/3396921505813046/Einfacher-Mohnkuchen-mit-Streuseln-und-Pudding.html,no
recipe-3397781505918955,b'Marinierte H\xe4hnchenunterkeulen aus dem Ofen',0 Bewertungen - Ø 2.5,star-unb,(0),normal,30 min.,27.09.2017,http://www.chefkoch.de/rezepte/3397781505918955/Marinierte-Haehnchenunterkeulen-aus-dem-Ofen.html,yes
recipe-3396501505684347,b'Herzhafte Bl\xe4tterteig-Stangen',0 Bewertungen - Ø 2.5,star-unb,(0),simpel,30 min.,25.09.2017,http://www.chefkoch.de/rezepte/3396501505684347/Herzhafte-Blaetterteig-Stangen.html,yes
recipe-3397891505933328,b'Schottische Tattie Scones',1 Bewertung - Ø 3.33,star-3_5,(1),normal,15 min.,26.09.2017,http://www.chefkoch.de/rezepte/3397891505933328/Schottische-Tattie-Scones.html,yes
recipe-3397701505911198,b'Dreierlei Haferkekse',0 Bewertungen - Ø 2.5,star-unb,(0),simpel,40 min.,26.09.2017,http://www.chefkoch.de/rezepte/3397701505911198/Dreierlei-Haferkekse.html,no
recipe-3399361506172026,b'Rumkugeln aus Kuchenreste',0 Bewertungen - Ø 2.5,star-unb,(0),simpel,30 min.,29.09.2017,http://www.chefkoch.de/rezepte/3399361506172026/Rumkugeln-aus-Kuchenreste.html,yes
recipe-3396901505806947,b'Low-Carb Quark',0 Bewertungen - Ø 2.5,star-unb,(0),simpel,5 min.,26.09.2017,http://www.chefkoch.de/rezepte/3396901505806947/Low-Carb-Quark.html,yes
recipe-3397761505917637,b'Zwiebelsuppe mit Wei\xdfwein',0 Bewertungen - Ø 2.5,star-unb,(0),normal,15 min.,27.09.2017,http://www.chefkoch.de/rezepte/3397761505917637/Zwiebelsuppe-mit-Weisswein.html,yes
recipe-3397711505913057,b'Rote Linsensuppe mit Haselnuss-Kr\xe4uter-Topping',0 Bewertungen - Ø 2.5,star-unb,(0),normal,25 min.,27.09.2017,http://www.chefkoch.de/rezepte/3397711505913057/Rote-Linsensuppe-mit-Haselnuss-Kraeuter-Topping.html,no
recipe-3397651505907525,b'Mediterrane H\xe4hnchenbrust in der Folie',0 Bewertungen - Ø 2.5,star-unb,(0),simpel,5 min.,26.09.2017,http://www.chefkoch.de/rezepte/3397651505907525/Mediterrane-Haehnchenbrust-in-der-Folie.html,yes
recipe-3396321505664320,b'Zwetschgenkn\xf6del',0 Bewertungen - Ø 2.5,star-unb,(0),normal,30 min.,26.09.2017,http://www.chefkoch.de/rezepte/3396321505664320/Zwetschgenknoedel.html,no
recipe-3399311506167175,b'Schichtsalat vom Salzhering',0 Bewertungen - Ø 2.5,star-unb,(0),normal,30 min.,29.09.2017,http://www.chefkoch.de/rezepte/3399311506167175/Schichtsalat-vom-Salzhering.html,yes
recipe-3396811505755274,b'M\xf6hrensuppe mit Kasseler',1 Bewertung - Ø 3.33,star-3_5,(1),simpel,40 min.,26.09.2017,http://www.chefkoch.de/rezepte/3396811505755274/Moehrensuppe-mit-Kasseler.html,yes
recipe-3397291505839355,b'H\xe4hnchenkeulen auf Reisbett aus dem Ofen',0 Bewertungen - Ø 2.5,star-unb,(0),simpel,20 min.,27.09.2017,http://www.chefkoch.de/rezepte/3397291505839355/Haehnchenkeulen-auf-Reisbett-aus-dem-Ofen.html,yes
recipe-3397221505834513,b'K\xfcrbis-Hack-Lasagne',1 Bewertung - Ø 3.33,star-3_5,(1),normal,45 min.,27.09.2017,http://www.chefkoch.de/rezepte/3397221505834513/Kuerbis-Hack-Lasagne.html,no
recipe-3397571505895048,b'Schokokuchen mit Puddingeinlage und Joghurtguss',0 Bewertungen - Ø 2.5,star-unb,(0),simpel,40 min.,26.09.2017,http://www.chefkoch.de/rezepte/3397571505895048/Schokokuchen-mit-Puddingeinlage-und-Joghurtguss.html,yes
recipe-3397511505887291,b'Lachs-Brokkoli-Quiche',0 Bewertungen - Ø 2.5,star-unb,(0),normal,30 min.,26.09.2017,http://www.chefkoch.de/rezepte/3397511505887291/Lachs-Brokkoli-Quiche.html,no
recipe-3399291506166043,b'Rum\xe4nischer Auberginensalat',1 Bewertung - Ø 3,star-3,(1),normal,30 min.,29.09.2017,http://www.chefkoch.de/rezepte/3399291506166043/Rumaenischer-Auberginensalat.html,yes
recipe-3400811506453899,b'Frische Feige auf Kaktusfeigen-Creme',0 Bewertungen - Ø 2.5,star-unb,(0),simpel,10 min.,27.09.2017,http://www.chefkoch.de/rezepte/3400811506453899/Frische-Feige-auf-Kaktusfeigen-Creme.html,yes
recipe-3400761506452830,"b'Kaninchenkeulen ""Provence""'",0 Bewertungen - Ø 2.5,star-unb,(0),normal,60 min.,27.09.2017,http://www.chefkoch.de/rezepte/3400761506452830/Kaninchenkeulen-Provence.html,no
recipe-3397481505853136,b'Donut-Kuchen',1 Bewertung - Ø 3.33,star-3_5,(1),normal,45 min.,26.09.2017,http://www.chefkoch.de/rezepte/3397481505853136/Donut-Kuchen.html,yes
recipe-3400121506333131,b'Chili con Carne mit zweierlei Fleisch und Schokolade',0 Bewertungen - Ø 2.5,star-unb,(0),normal,30 min.,28.09.2017,http://www.chefkoch.de/rezepte/3400121506333131/Chili-con-Carne-mit-zweierlei-Fleisch-und-Schokolade.html,yes
recipe-3400091506324199,b'Herbstliche H\xe4hnchenschenkel mit Feigenso\xdfe',0 Bewertungen - Ø 2.5,star-unb,(0),normal,45 min.,28.09.2017,http://www.chefkoch.de/rezepte/3400091506324199/Herbstliche-Haehnchenschenkel-mit-Feigensosse.html,no
recipe-3400081506323561,b'Vollkorn-Gem\xfcse-Spie\xdfe',0 Bewertungen - Ø 2.5,star-unb,(0),simpel,15 min.,28.09.2017,http://www.chefkoch.de/rezepte/3400081506323561/Vollkorn-Gemuese-Spiesse.html,no
recipe-3397431505848559,b'Marzipan-Nussecken',1 Bewertung - Ø 3.33,star-3_5,(1),normal,20 min.,26.09.2017,http://www.chefkoch.de/rezepte/3397431505848559/Marzipan-Nussecken.html,yes
recipe-3397411505847495,b'Putenspie\xdfe mit Brokkoli',0 Bewertungen - Ø 2.5,star-unb,(0),simpel,25 min.,26.09.2017,http://www.chefkoch.de/rezepte/3397411505847495/Putenspiesse-mit-Brokkoli.html,no
